,product_name
0,Organic Tomato Basil Pasta Sauce
1,Bag of Organic Bananas
2,Organic Baby Spinach
3,Banana
4,Organic Spinach Bunch
5,Whole Milk Ricotta Cheese
6,Medium Salsa Roja
7,Ground Buffalo
8,Tonic Water
9,Original Coconut Milk Beverage
10,Low-Fat Strawberry Banana on the Bottom Greek Yogurt
11,Organic SprouTofu Super Firm Tofu
12,Fruit Punch Sports Drink
13,Kitchen Cheese Enchilada
14,Country White Bread
15,Soft & Smooth Whole Grain White Bread
16,Natural Liquid Laundry Detergent - Blue Eucalyptus and Lavender
17,Organic Large Grade A Brown Eggs
18,Organic Blue Corn Tortilla Chips
19,Old Style Whole Grain Dijon Mustard
20,Gluten Free 7 Grain Bread
21,Clean Care Mega Rolls Toilet Paper
22,Organic Strawberries
23,Red Onions
24,Organic Leek
25,Organic Zucchini
26,Organic Refined Coconut Oil
27,Thin Crust Pepperoni Pizza
28,Grade A Large Brown Eggs
29,Chicken Broth
30,100% Pure Apple Juice
31,Organic Mini Homestyle Waffles
32,Lime
33,Zero Calorie Cola
34,Soda
35,Organic Cherry Tomatoes
36,Medium Scarlet Raspberries
37,Kids Sensible Foods Broccoli Littles
38,Mixed Vegetables
39,Pretzel Rods
40,Reduced Fat 2% Milk
41,Lemon
42,Organic Penne Rigate
43,Natural Goodness 33% Less Sodium Chicken Broth
44,French Onion Dip
45,Large Lemon
46,"Bar, Toffee & Almonds in Milk Chocolate"
47,Supremely Spicy Hummus
48,Classic Almond Butter All Natural
49,Organic Creamy Peanut Butter
50,Super Soft Taco Flour Tortillas
51,Organic Hot House Tomato
52,Hearty Grains 100% Whole Wheat English Muffins
53,Gogo Squeez Organic Apple Strawberry Applesauce on the Go
54,Thin Crust Margherita Pizza with Fresh Mozzarella & Basil
55,Organic Avocado
56,Vanilla Skyr Nonfat Yogurt
57,Bay Leaves
58,Eggo Homestyle Waffles
59,Organic Extra Large Brown Eggs
60,Organic Cut Green Beans
61,Crackers
62,Organic Eggplant
63,Vitamin D Organic Whole Milk
64,Unrefined Virgin Coconut Oil
65,Cold Brew Coffee Double Espresso with Almond Milk
66,Mexican Finely Shredded Cheese
67,Slim Can Pink Grapefruit Natural Mineral Water
68,Organic Spicy Taco Seasoning
69,Organic Classic Rich Crackers
70,Organic Hass Avocado
71,Marinara Sauce
72,Original Citrus Sparkling Flavored Soda
73,Organic Ezekiel 49 Bread Cinnamon Raisin
74,Plus Lotion Facial Tissues
75,Strawberries
76,"Super Spinach! Baby Spinach, Baby Bok Choy, Sweet Baby Kale"
77,Parmesan Garlic Pita Chips
78,Pineapple Strawberry Sparkling Water
79,Kiwi Sandia Sparkling Water
80,Blackberry Cucumber Sparkling Water
81,Organic Sea Salt Roasted Seaweed Snacks
82,Popcorn
83,Limes
84,Double Stuf Oreo Sandwich Cookies
85,Key Limes
86,100% Pineapple Juice
87,Organic Frozen Peas
88,Colby Cheese Sticks
89,Large Greenhouse Tomato
90,Icelandic Style Fat Free Plain Yogurt
91,Classic Almond Butter
92,Organic Variety Pack
93,Pretzel Crisps Original Deli Style Pretzel Crackers
